{
  "world_size": 2,
  "avg_step_ms": 1.585690975189209,
  "tokens_per_s": 1291550.517751813,
  "loss": 7.636114120483398
}